0,0.00068279,0.7,-1.2366
0,0.00074131,0.7,-1.2366
0,0.00079984,0.7,-1.2366
0,0.00085836,0.7,-1.2366
0,0.00091689,0.7,-1.2366
0,0.00097541,0.7,-1.2366
0,0.0010339,0.7,-1.2366
0,0.0010925,0.7,-1.2366
0,0.001151,0.7,-1.2366
0,0.0012095,0.7,-1.2366
0,0.001268,0.7,-1.2366
0,0.00068279,0.76,-1.2366
0,0.00074131,0.76,-1.2366
0,0.00079984,0.76,-1.2366
0,0.00085836,0.76,-1.2366
0,0.00091689,0.76,-1.2366
0,0.00097541,0.76,-1.2366
0,0.0010339,0.76,-1.2366
0,0.0010925,0.76,-1.2366
0,0.001151,0.76,-1.2366
0,0.0012095,0.76,-1.2366
0,0.001268,0.76,-1.2366
0,0.00068279,0.82,-1.2366
0,0.00074131,0.82,-1.2366
0,0.00079984,0.82,-1.2366
0,0.00085836,0.82,-1.2366
0,0.00091689,0.82,-1.2366
0,0.00097541,0.82,-1.2366
0,0.0010339,0.82,-1.2366
0,0.0010925,0.82,-1.2366
0,0.001151,0.82,-1.2366
0,0.0012095,0.82,-1.2366
0,0.001268,0.82,-1.2366
0,0.00068279,0.88,-1.2366
0,0.00074131,0.88,-1.2366
0,0.00079984,0.88,-1.2366
0,0.00085836,0.88,-1.2366
0,0.00091689,0.88,-1.2366
0,0.00097541,0.88,-1.2366
0,0.0010339,0.88,-1.2366
0,0.0010925,0.88,-1.2366
0,0.001151,0.88,-1.2366
0,0.0012095,0.88,-1.2366
0,0.001268,0.88,-1.2366
0,0.00068279,0.94,-1.2366
0,0.00074131,0.94,-1.2366
0,0.00079984,0.94,-1.2366
0,0.00085836,0.94,-1.2366
0,0.00091689,0.94,-1.2366
0,0.00097541,0.94,-1.2366
0,0.0010339,0.94,-1.2366
0,0.0010925,0.94,-1.2366
0,0.001151,0.94,-1.2366
0,0.0012095,0.94,-1.2366
0,0.001268,0.94,-1.2366
0,0.00068279,1,-1.2366
0,0.00074131,1,-1.2366
0,0.00079984,1,-1.2366
0,0.00085836,1,-1.2366
0,0.00091689,1,-1.2366
0,0.00097541,1,-1.2366
0,0.0010339,1,-1.2366
0,0.0010925,1,-1.2366
0,0.001151,1,-1.2366
0,0.0012095,1,-1.2366
0,0.001268,1,-1.2366
0,0.00068279,1.06,-1.2366
0,0.00074131,1.06,-1.2366
0,0.00079984,1.06,-1.2366
0,0.00085836,1.06,-1.2366
0,0.00091689,1.06,-1.2366
0,0.00097541,1.06,-1.2366
0,0.0010339,1.06,-1.2366
0,0.0010925,1.06,-1.2366
0,0.001151,1.06,-1.2366
0,0.0012095,1.06,-1.2366
0,0.001268,1.06,-1.2366
0,0.00068279,1.12,-1.2366
0,0.00074131,1.12,-1.2366
0,0.00079984,1.12,-1.2366
0,0.00085836,1.12,-1.2366
0,0.00091689,1.12,-1.2366
0,0.00097541,1.12,-1.2366
0,0.0010339,1.12,-1.2366
0,0.0010925,1.12,-1.2366
0,0.001151,1.12,-1.2366
0,0.0012095,1.12,-1.2366
0,0.001268,1.12,-1.2366
0,0.00068279,1.18,-1.2366
0,0.00074131,1.18,-1.2366
0,0.00079984,1.18,-1.2366
0,0.00085836,1.18,-1.2366
0,0.00091689,1.18,-1.2366
0,0.00097541,1.18,-1.2366
0,0.0010339,1.18,-1.2366
0,0.0010925,1.18,-1.2366
0,0.001151,1.18,-1.2366
0,0.0012095,1.18,-1.2366
0,0.001268,1.18,-1.2366
0,0.00068279,1.24,-1.2366
0,0.00074131,1.24,-1.2366
0,0.00079984,1.24,-1.2366
0,0.00085836,1.24,-1.2366
0,0.00091689,1.24,-1.2366
0,0.00097541,1.24,-1.2366
0,0.0010339,1.24,-1.2366
0,0.0010925,1.24,-1.2366
0,0.001151,1.24,-1.2366
0,0.0012095,1.24,-1.2366
0,0.001268,1.24,-1.2366
0,0.00068279,1.3,-1.2366
0,0.00074131,1.3,-1.2366
0,0.00079984,1.3,-1.2366
0,0.00085836,1.3,-1.2366
0,0.00091689,1.3,-1.2366
0,0.00097541,1.3,-1.2366
0,0.0010339,1.3,-1.2366
0,0.0010925,1.3,-1.2366
0,0.001151,1.3,-1.2366
0,0.0012095,1.3,-1.2366
0,0.001268,1.3,-1.2366
0,0.00068279,0.7,-1.1795
0,0.00074131,0.7,-1.1795
0,0.00079984,0.7,-1.1795
0,0.00085836,0.7,-1.1795
0,0.00091689,0.7,-1.1795
0,0.00097541,0.7,-1.1795
0,0.0010339,0.7,-1.1795
0,0.0010925,0.7,-1.1795
0,0.001151,0.7,-1.1795
0,0.0012095,0.7,-1.1795
0,0.001268,0.7,-1.1795
0,0.00068279,0.76,-1.1795
0,0.00074131,0.76,-1.1795
0,0.00079984,0.76,-1.1795
0,0.00085836,0.76,-1.1795
0,0.00091689,0.76,-1.1795
0,0.00097541,0.76,-1.1795
0,0.0010339,0.76,-1.1795
0,0.0010925,0.76,-1.1795
0,0.001151,0.76,-1.1795
0,0.0012095,0.76,-1.1795
0,0.001268,0.76,-1.1795
0,0.00068279,0.82,-1.1795
0,0.00074131,0.82,-1.1795
0,0.00079984,0.82,-1.1795
0,0.00085836,0.82,-1.1795
0,0.00091689,0.82,-1.1795
0,0.00097541,0.82,-1.1795
0,0.0010339,0.82,-1.1795
0,0.0010925,0.82,-1.1795
0,0.001151,0.82,-1.1795
0,0.0012095,0.82,-1.1795
0,0.001268,0.82,-1.1795
0,0.00068279,0.88,-1.1795
0,0.00074131,0.88,-1.1795
0,0.00079984,0.88,-1.1795
0,0.00085836,0.88,-1.1795
0,0.00091689,0.88,-1.1795
0,0.00097541,0.88,-1.1795
0,0.0010339,0.88,-1.1795
0,0.0010925,0.88,-1.1795
0,0.001151,0.88,-1.1795
0,0.0012095,0.88,-1.1795
0,0.001268,0.88,-1.1795
0,0.00068279,0.94,-1.1795
0,0.00074131,0.94,-1.1795
0,0.00079984,0.94,-1.1795
0,0.00085836,0.94,-1.1795
0,0.00091689,0.94,-1.1795
0,0.00097541,0.94,-1.1795
0,0.0010339,0.94,-1.1795
0,0.0010925,0.94,-1.1795
0,0.001151,0.94,-1.1795
0,0.0012095,0.94,-1.1795
0,0.001268,0.94,-1.1795
0,0.00068279,1,-1.1795
0,0.00074131,1,-1.1795
0,0.00079984,1,-1.1795
0,0.00085836,1,-1.1795
0,0.00091689,1,-1.1795
0,0.00097541,1,-1.1795
0,0.0010339,1,-1.1795
0,0.0010925,1,-1.1795
0,0.001151,1,-1.1795
0,0.0012095,1,-1.1795
0,0.001268,1,-1.1795
0,0.00068279,1.06,-1.1795
0,0.00074131,1.06,-1.1795
0,0.00079984,1.06,-1.1795
0,0.00085836,1.06,-1.1795
0,0.00091689,1.06,-1.1795
0,0.00097541,1.06,-1.1795
0,0.0010339,1.06,-1.1795
0,0.0010925,1.06,-1.1795
0,0.001151,1.06,-1.1795
0,0.0012095,1.06,-1.1795
0,0.001268,1.06,-1.1795
0,0.00068279,1.12,-1.1795
0,0.00074131,1.12,-1.1795
0,0.00079984,1.12,-1.1795
0,0.00085836,1.12,-1.1795
0,0.00091689,1.12,-1.1795
0,0.00097541,1.12,-1.1795
0,0.0010339,1.12,-1.1795
0,0.0010925,1.12,-1.1795
0,0.001151,1.12,-1.1795
0,0.0012095,1.12,-1.1795
0,0.001268,1.12,-1.1795
0,0.00068279,1.18,-1.1795
0,0.00074131,1.18,-1.1795
0,0.00079984,1.18,-1.1795
0,0.00085836,1.18,-1.1795
0,0.00091689,1.18,-1.1795
0,0.00097541,1.18,-1.1795
0,0.0010339,1.18,-1.1795
0,0.0010925,1.18,-1.1795
0,0.001151,1.18,-1.1795
0,0.0012095,1.18,-1.1795
0,0.001268,1.18,-1.1795
0,0.00068279,1.24,-1.1795
0,0.00074131,1.24,-1.1795
0,0.00079984,1.24,-1.1795
0,0.00085836,1.24,-1.1795
0,0.00091689,1.24,-1.1795
0,0.00097541,1.24,-1.1795
0,0.0010339,1.24,-1.1795
0,0.0010925,1.24,-1.1795
0,0.001151,1.24,-1.1795
0,0.0012095,1.24,-1.1795
0,0.001268,1.24,-1.1795
0,0.00068279,1.3,-1.1795
0,0.00074131,1.3,-1.1795
0,0.00079984,1.3,-1.1795
0,0.00085836,1.3,-1.1795
0,0.00091689,1.3,-1.1795
0,0.00097541,1.3,-1.1795
0,0.0010339,1.3,-1.1795
0,0.0010925,1.3,-1.1795
0,0.001151,1.3,-1.1795
0,0.0012095,1.3,-1.1795
0,0.001268,1.3,-1.1795
0,0.00068279,0.7,-1.1224
0,0.00074131,0.7,-1.1224
0,0.00079984,0.7,-1.1224
0,0.00085836,0.7,-1.1224
0,0.00091689,0.7,-1.1224
0,0.00097541,0.7,-1.1224
0,0.0010339,0.7,-1.1224
0,0.0010925,0.7,-1.1224
0,0.001151,0.7,-1.1224
0,0.0012095,0.7,-1.1224
0,0.001268,0.7,-1.1224
0,0.00068279,0.76,-1.1224
0,0.00074131,0.76,-1.1224
0,0.00079984,0.76,-1.1224
0,0.00085836,0.76,-1.1224
0,0.00091689,0.76,-1.1224
0,0.00097541,0.76,-1.1224
0,0.0010339,0.76,-1.1224
0,0.0010925,0.76,-1.1224
0,0.001151,0.76,-1.1224
0,0.0012095,0.76,-1.1224
0,0.001268,0.76,-1.1224
0,0.00068279,0.82,-1.1224
0,0.00074131,0.82,-1.1224
0,0.00079984,0.82,-1.1224
0,0.00085836,0.82,-1.1224
0,0.00091689,0.82,-1.1224
0,0.00097541,0.82,-1.1224
0,0.0010339,0.82,-1.1224
0,0.0010925,0.82,-1.1224
0,0.001151,0.82,-1.1224
0,0.0012095,0.82,-1.1224
0,0.001268,0.82,-1.1224
0,0.00068279,0.88,-1.1224
0,0.00074131,0.88,-1.1224
0,0.00079984,0.88,-1.1224
0,0.00085836,0.88,-1.1224
0,0.00091689,0.88,-1.1224
0,0.00097541,0.88,-1.1224
0,0.0010339,0.88,-1.1224
0,0.0010925,0.88,-1.1224
0,0.001151,0.88,-1.1224
0,0.0012095,0.88,-1.1224
0,0.001268,0.88,-1.1224
0,0.00068279,0.94,-1.1224
0,0.00074131,0.94,-1.1224
0,0.00079984,0.94,-1.1224
0,0.00085836,0.94,-1.1224
0,0.00091689,0.94,-1.1224
0,0.00097541,0.94,-1.1224
0,0.0010339,0.94,-1.1224
0,0.0010925,0.94,-1.1224
0,0.001151,0.94,-1.1224
0,0.0012095,0.94,-1.1224
0,0.001268,0.94,-1.1224
0,0.00068279,1,-1.1224
0,0.00074131,1,-1.1224
0,0.00079984,1,-1.1224
0,0.00085836,1,-1.1224
0,0.00091689,1,-1.1224
0,0.00097541,1,-1.1224
0,0.0010339,1,-1.1224
0,0.0010925,1,-1.1224
0,0.001151,1,-1.1224
0,0.0012095,1,-1.1224
0,0.001268,1,-1.1224
0,0.00068279,1.06,-1.1224
0,0.00074131,1.06,-1.1224
0,0.00079984,1.06,-1.1224
0,0.00085836,1.06,-1.1224
0,0.00091689,1.06,-1.1224
0,0.00097541,1.06,-1.1224
0,0.0010339,1.06,-1.1224
0,0.0010925,1.06,-1.1224
0,0.001151,1.06,-1.1224
0,0.0012095,1.06,-1.1224
0,0.001268,1.06,-1.1224
0,0.00068279,1.12,-1.1224
0,0.00074131,1.12,-1.1224
0,0.00079984,1.12,-1.1224
0,0.00085836,1.12,-1.1224
0,0.00091689,1.12,-1.1224
0,0.00097541,1.12,-1.1224
0,0.0010339,1.12,-1.1224
0,0.0010925,1.12,-1.1224
0,0.001151,1.12,-1.1224
0,0.0012095,1.12,-1.1224
0,0.001268,1.12,-1.1224
0,0.00068279,1.18,-1.1224
0,0.00074131,1.18,-1.1224
0,0.00079984,1.18,-1.1224
0,0.00085836,1.18,-1.1224
0,0.00091689,1.18,-1.1224
0,0.00097541,1.18,-1.1224
0,0.0010339,1.18,-1.1224
0,0.0010925,1.18,-1.1224
0,0.001151,1.18,-1.1224
0,0.0012095,1.18,-1.1224
0,0.001268,1.18,-1.1224
0,0.00068279,1.24,-1.1224
0,0.00074131,1.24,-1.1224
0,0.00079984,1.24,-1.1224
0,0.00085836,1.24,-1.1224
0,0.00091689,1.24,-1.1224
0,0.00097541,1.24,-1.1224
0,0.0010339,1.24,-1.1224
0,0.0010925,1.24,-1.1224
0,0.001151,1.24,-1.1224
0,0.0012095,1.24,-1.1224
0,0.001268,1.24,-1.1224
0,0.00068279,1.3,-1.1224
0,0.00074131,1.3,-1.1224
0,0.00079984,1.3,-1.1224
0,0.00085836,1.3,-1.1224
0,0.00091689,1.3,-1.1224
0,0.00097541,1.3,-1.1224
0,0.0010339,1.3,-1.1224
0,0.0010925,1.3,-1.1224
0,0.001151,1.3,-1.1224
0,0.0012095,1.3,-1.1224
0,0.001268,1.3,-1.1224
0,0.00068279,0.7,-1.0653
0,0.00074131,0.7,-1.0653
0,0.00079984,0.7,-1.0653
0,0.00085836,0.7,-1.0653
0,0.00091689,0.7,-1.0653
0,0.00097541,0.7,-1.0653
0,0.0010339,0.7,-1.0653
0,0.0010925,0.7,-1.0653
0,0.001151,0.7,-1.0653
0,0.0012095,0.7,-1.0653
0,0.001268,0.7,-1.0653
0,0.00068279,0.76,-1.0653
0,0.00074131,0.76,-1.0653
0,0.00079984,0.76,-1.0653
0,0.00085836,0.76,-1.0653
0,0.00091689,0.76,-1.0653
0,0.00097541,0.76,-1.0653
0,0.0010339,0.76,-1.0653
0,0.0010925,0.76,-1.0653
0,0.001151,0.76,-1.0653
0,0.0012095,0.76,-1.0653
0,0.001268,0.76,-1.0653
0,0.00068279,0.82,-1.0653
0,0.00074131,0.82,-1.0653
0,0.00079984,0.82,-1.0653
0,0.00085836,0.82,-1.0653
0,0.00091689,0.82,-1.0653
0,0.00097541,0.82,-1.0653
0,0.0010339,0.82,-1.0653
0,0.0010925,0.82,-1.0653
0,0.001151,0.82,-1.0653
0,0.0012095,0.82,-1.0653
0,0.001268,0.82,-1.0653
0,0.00068279,0.88,-1.0653
0,0.00074131,0.88,-1.0653
0,0.00079984,0.88,-1.0653
0,0.00085836,0.88,-1.0653
0,0.00091689,0.88,-1.0653
0,0.00097541,0.88,-1.0653
0,0.0010339,0.88,-1.0653
0,0.0010925,0.88,-1.0653
0,0.001151,0.88,-1.0653
0,0.0012095,0.88,-1.0653
0,0.001268,0.88,-1.0653
0,0.00068279,0.94,-1.0653
0,0.00074131,0.94,-1.0653
0,0.00079984,0.94,-1.0653
0,0.00085836,0.94,-1.0653
0,0.00091689,0.94,-1.0653
0,0.00097541,0.94,-1.0653
0,0.0010339,0.94,-1.0653
0,0.0010925,0.94,-1.0653
0,0.001151,0.94,-1.0653
0,0.0012095,0.94,-1.0653
0,0.001268,0.94,-1.0653
0,0.00068279,1,-1.0653
0,0.00074131,1,-1.0653
0,0.00079984,1,-1.0653
0,0.00085836,1,-1.0653
0,0.00091689,1,-1.0653
0,0.00097541,1,-1.0653
0,0.0010339,1,-1.0653
0,0.0010925,1,-1.0653
0,0.001151,1,-1.0653
0,0.0012095,1,-1.0653
0,0.001268,1,-1.0653
0,0.00068279,1.06,-1.0653
0,0.00074131,1.06,-1.0653
0,0.00079984,1.06,-1.0653
0,0.00085836,1.06,-1.0653
0,0.00091689,1.06,-1.0653
0,0.00097541,1.06,-1.0653
0,0.0010339,1.06,-1.0653
0,0.0010925,1.06,-1.0653
0,0.001151,1.06,-1.0653
0,0.0012095,1.06,-1.0653
0,0.001268,1.06,-1.0653
0,0.00068279,1.12,-1.0653
0,0.00074131,1.12,-1.0653
0,0.00079984,1.12,-1.0653
0,0.00085836,1.12,-1.0653
0,0.00091689,1.12,-1.0653
0,0.00097541,1.12,-1.0653
0,0.0010339,1.12,-1.0653
0,0.0010925,1.12,-1.0653
0,0.001151,1.12,-1.0653
0,0.0012095,1.12,-1.0653
0,0.001268,1.12,-1.0653
0,0.00068279,1.18,-1.0653
0,0.00074131,1.18,-1.0653
0,0.00079984,1.18,-1.0653
0,0.00085836,1.18,-1.0653
0,0.00091689,1.18,-1.0653
0,0.00097541,1.18,-1.0653
0,0.0010339,1.18,-1.0653
0,0.0010925,1.18,-1.0653
0,0.001151,1.18,-1.0653
0,0.0012095,1.18,-1.0653
0,0.001268,1.18,-1.0653
0,0.00068279,1.24,-1.0653
0,0.00074131,1.24,-1.0653
0,0.00079984,1.24,-1.0653
0,0.00085836,1.24,-1.0653
0,0.00091689,1.24,-1.0653
0,0.00097541,1.24,-1.0653
0,0.0010339,1.24,-1.0653
0,0.0010925,1.24,-1.0653
0,0.001151,1.24,-1.0653
0,0.0012095,1.24,-1.0653
0,0.001268,1.24,-1.0653
0,0.00068279,1.3,-1.0653
0,0.00074131,1.3,-1.0653
0,0.00079984,1.3,-1.0653
0,0.00085836,1.3,-1.0653
0,0.00091689,1.3,-1.0653
0,0.00097541,1.3,-1.0653
0,0.0010339,1.3,-1.0653
0,0.0010925,1.3,-1.0653
0,0.001151,1.3,-1.0653
0,0.0012095,1.3,-1.0653
0,0.001268,1.3,-1.0653
0,0.00068279,0.7,-1.0083
0,0.00074131,0.7,-1.0083
0,0.00079984,0.7,-1.0083
0,0.00085836,0.7,-1.0083
0,0.00091689,0.7,-1.0083
0,0.00097541,0.7,-1.0083
0,0.0010339,0.7,-1.0083
0,0.0010925,0.7,-1.0083
0,0.001151,0.7,-1.0083
0,0.0012095,0.7,-1.0083
0,0.001268,0.7,-1.0083
0,0.00068279,0.76,-1.0083
0,0.00074131,0.76,-1.0083
0,0.00079984,0.76,-1.0083
0,0.00085836,0.76,-1.0083
0,0.00091689,0.76,-1.0083
0,0.00097541,0.76,-1.0083
0,0.0010339,0.76,-1.0083
0,0.0010925,0.76,-1.0083
0,0.001151,0.76,-1.0083
0,0.0012095,0.76,-1.0083
0,0.001268,0.76,-1.0083
0,0.00068279,0.82,-1.0083
0,0.00074131,0.82,-1.0083
0,0.00079984,0.82,-1.0083
0,0.00085836,0.82,-1.0083
0,0.00091689,0.82,-1.0083
0,0.00097541,0.82,-1.0083
0,0.0010339,0.82,-1.0083
0,0.0010925,0.82,-1.0083
0,0.001151,0.82,-1.0083
0,0.0012095,0.82,-1.0083
0,0.001268,0.82,-1.0083
0,0.00068279,0.88,-1.0083
0,0.00074131,0.88,-1.0083
0,0.00079984,0.88,-1.0083
0,0.00085836,0.88,-1.0083
0,0.00091689,0.88,-1.0083
0,0.00097541,0.88,-1.0083
0,0.0010339,0.88,-1.0083
0,0.0010925,0.88,-1.0083
0,0.001151,0.88,-1.0083
0,0.0012095,0.88,-1.0083
0,0.001268,0.88,-1.0083
0,0.00068279,0.94,-1.0083
0,0.00074131,0.94,-1.0083
0,0.00079984,0.94,-1.0083
0,0.00085836,0.94,-1.0083
0,0.00091689,0.94,-1.0083
0,0.00097541,0.94,-1.0083
0,0.0010339,0.94,-1.0083
0,0.0010925,0.94,-1.0083
0,0.001151,0.94,-1.0083
0,0.0012095,0.94,-1.0083
0,0.001268,0.94,-1.0083
0,0.00068279,1,-1.0083
0,0.00074131,1,-1.0083
0,0.00079984,1,-1.0083
0,0.00085836,1,-1.0083
0,0.00091689,1,-1.0083
0,0.00097541,1,-1.0083
0,0.0010339,1,-1.0083
0,0.0010925,1,-1.0083
0,0.001151,1,-1.0083
0,0.0012095,1,-1.0083
0,0.001268,1,-1.0083
0,0.00068279,1.06,-1.0083
0,0.00074131,1.06,-1.0083
0,0.00079984,1.06,-1.0083
0,0.00085836,1.06,-1.0083
0,0.00091689,1.06,-1.0083
0,0.00097541,1.06,-1.0083
0,0.0010339,1.06,-1.0083
0,0.0010925,1.06,-1.0083
0,0.001151,1.06,-1.0083
0,0.0012095,1.06,-1.0083
0,0.001268,1.06,-1.0083
0,0.00068279,1.12,-1.0083
0,0.00074131,1.12,-1.0083
0,0.00079984,1.12,-1.0083
0,0.00085836,1.12,-1.0083
0,0.00091689,1.12,-1.0083
0,0.00097541,1.12,-1.0083
0,0.0010339,1.12,-1.0083
0,0.0010925,1.12,-1.0083
0,0.001151,1.12,-1.0083
0,0.0012095,1.12,-1.0083
0,0.001268,1.12,-1.0083
0,0.00068279,1.18,-1.0083
0,0.00074131,1.18,-1.0083
0,0.00079984,1.18,-1.0083
0,0.00085836,1.18,-1.0083
0,0.00091689,1.18,-1.0083
0,0.00097541,1.18,-1.0083
0,0.0010339,1.18,-1.0083
0,0.0010925,1.18,-1.0083
0,0.001151,1.18,-1.0083
0,0.0012095,1.18,-1.0083
0,0.001268,1.18,-1.0083
0,0.00068279,1.24,-1.0083
0,0.00074131,1.24,-1.0083
0,0.00079984,1.24,-1.0083
0,0.00085836,1.24,-1.0083
0,0.00091689,1.24,-1.0083
0,0.00097541,1.24,-1.0083
0,0.0010339,1.24,-1.0083
0,0.0010925,1.24,-1.0083
0,0.001151,1.24,-1.0083
0,0.0012095,1.24,-1.0083
0,0.001268,1.24,-1.0083
0,0.00068279,1.3,-1.0083
0,0.00074131,1.3,-1.0083
0,0.00079984,1.3,-1.0083
0,0.00085836,1.3,-1.0083
0,0.00091689,1.3,-1.0083
0,0.00097541,1.3,-1.0083
0,0.0010339,1.3,-1.0083
0,0.0010925,1.3,-1.0083
0,0.001151,1.3,-1.0083
0,0.0012095,1.3,-1.0083
0,0.001268,1.3,-1.0083
0,0.00068279,0.7,-0.9512
0,0.00074131,0.7,-0.9512
0,0.00079984,0.7,-0.9512
0,0.00085836,0.7,-0.9512
0,0.00091689,0.7,-0.9512
0,0.00097541,0.7,-0.9512
0,0.0010339,0.7,-0.9512
0,0.0010925,0.7,-0.9512
0,0.001151,0.7,-0.9512
0,0.0012095,0.7,-0.9512
0,0.001268,0.7,-0.9512
0,0.00068279,0.76,-0.9512
0,0.00074131,0.76,-0.9512
0,0.00079984,0.76,-0.9512
0,0.00085836,0.76,-0.9512
0,0.00091689,0.76,-0.9512
0,0.00097541,0.76,-0.9512
0,0.0010339,0.76,-0.9512
0,0.0010925,0.76,-0.9512
0,0.001151,0.76,-0.9512
0,0.0012095,0.76,-0.9512
0,0.001268,0.76,-0.9512
0,0.00068279,0.82,-0.9512
0,0.00074131,0.82,-0.9512
0,0.00079984,0.82,-0.9512
0,0.00085836,0.82,-0.9512
0,0.00091689,0.82,-0.9512
0,0.00097541,0.82,-0.9512
0,0.0010339,0.82,-0.9512
0,0.0010925,0.82,-0.9512
0,0.001151,0.82,-0.9512
0,0.0012095,0.82,-0.9512
0,0.001268,0.82,-0.9512
0,0.00068279,0.88,-0.9512
0,0.00074131,0.88,-0.9512
0,0.00079984,0.88,-0.9512
0,0.00085836,0.88,-0.9512
0,0.00091689,0.88,-0.9512
0,0.00097541,0.88,-0.9512
0,0.0010339,0.88,-0.9512
0,0.0010925,0.88,-0.9512
0,0.001151,0.88,-0.9512
0,0.0012095,0.88,-0.9512
0,0.001268,0.88,-0.9512
0,0.00068279,0.94,-0.9512
0,0.00074131,0.94,-0.9512
0,0.00079984,0.94,-0.9512
0,0.00085836,0.94,-0.9512
0,0.00091689,0.94,-0.9512
0,0.00097541,0.94,-0.9512
0,0.0010339,0.94,-0.9512
0,0.0010925,0.94,-0.9512
0,0.001151,0.94,-0.9512
0,0.0012095,0.94,-0.9512
0,0.001268,0.94,-0.9512
0,0.00068279,1,-0.9512
0,0.00074131,1,-0.9512
0,0.00079984,1,-0.9512
0,0.00085836,1,-0.9512
0,0.00091689,1,-0.9512
0,0.00097541,1,-0.9512
0,0.0010339,1,-0.9512
0,0.0010925,1,-0.9512
0,0.001151,1,-0.9512
0,0.0012095,1,-0.9512
0,0.001268,1,-0.9512
0,0.00068279,1.06,-0.9512
0,0.00074131,1.06,-0.9512
0,0.00079984,1.06,-0.9512
0,0.00085836,1.06,-0.9512
0,0.00091689,1.06,-0.9512
0,0.00097541,1.06,-0.9512
0,0.0010339,1.06,-0.9512
0,0.0010925,1.06,-0.9512
0,0.001151,1.06,-0.9512
0,0.0012095,1.06,-0.9512
0,0.001268,1.06,-0.9512
0,0.00068279,1.12,-0.9512
0,0.00074131,1.12,-0.9512
0,0.00079984,1.12,-0.9512
0,0.00085836,1.12,-0.9512
0,0.00091689,1.12,-0.9512
0,0.00097541,1.12,-0.9512
0,0.0010339,1.12,-0.9512
0,0.0010925,1.12,-0.9512
0,0.001151,1.12,-0.9512
0,0.0012095,1.12,-0.9512
0,0.001268,1.12,-0.9512
0,0.00068279,1.18,-0.9512
0,0.00074131,1.18,-0.9512
0,0.00079984,1.18,-0.9512
0,0.00085836,1.18,-0.9512
0,0.00091689,1.18,-0.9512
0,0.00097541,1.18,-0.9512
0,0.0010339,1.18,-0.9512
0,0.0010925,1.18,-0.9512
0,0.001151,1.18,-0.9512
0,0.0012095,1.18,-0.9512
0,0.001268,1.18,-0.9512
0,0.00068279,1.24,-0.9512
0,0.00074131,1.24,-0.9512
0,0.00079984,1.24,-0.9512
0,0.00085836,1.24,-0.9512
0,0.00091689,1.24,-0.9512
0,0.00097541,1.24,-0.9512
0,0.0010339,1.24,-0.9512
0,0.0010925,1.24,-0.9512
0,0.001151,1.24,-0.9512
0,0.0012095,1.24,-0.9512
0,0.001268,1.24,-0.9512
0,0.00068279,1.3,-0.9512
0,0.00074131,1.3,-0.9512
0,0.00079984,1.3,-0.9512
0,0.00085836,1.3,-0.9512
0,0.00091689,1.3,-0.9512
0,0.00097541,1.3,-0.9512
0,0.0010339,1.3,-0.9512
0,0.0010925,1.3,-0.9512
0,0.001151,1.3,-0.9512
0,0.0012095,1.3,-0.9512
0,0.001268,1.3,-0.9512
0,0.00068279,0.7,-0.89413
0,0.00074131,0.7,-0.89413
0,0.00079984,0.7,-0.89413
0,0.00085836,0.7,-0.89413
0,0.00091689,0.7,-0.89413
0,0.00097541,0.7,-0.89413
0,0.0010339,0.7,-0.89413
0,0.0010925,0.7,-0.89413
0,0.001151,0.7,-0.89413
0,0.0012095,0.7,-0.89413
0,0.001268,0.7,-0.89413
0,0.00068279,0.76,-0.89413
0,0.00074131,0.76,-0.89413
0,0.00079984,0.76,-0.89413
0,0.00085836,0.76,-0.89413
0,0.00091689,0.76,-0.89413
0,0.00097541,0.76,-0.89413
0,0.0010339,0.76,-0.89413
0,0.0010925,0.76,-0.89413
0,0.001151,0.76,-0.89413
0,0.0012095,0.76,-0.89413
0,0.001268,0.76,-0.89413
0,0.00068279,0.82,-0.89413
0,0.00074131,0.82,-0.89413
0,0.00079984,0.82,-0.89413
0,0.00085836,0.82,-0.89413
0,0.00091689,0.82,-0.89413
0,0.00097541,0.82,-0.89413
0,0.0010339,0.82,-0.89413
0,0.0010925,0.82,-0.89413
0,0.001151,0.82,-0.89413
0,0.0012095,0.82,-0.89413
0,0.001268,0.82,-0.89413
0,0.00068279,0.88,-0.89413
0,0.00074131,0.88,-0.89413
0,0.00079984,0.88,-0.89413
0,0.00085836,0.88,-0.89413
0,0.00091689,0.88,-0.89413
0,0.00097541,0.88,-0.89413
0,0.0010339,0.88,-0.89413
0,0.0010925,0.88,-0.89413
0,0.001151,0.88,-0.89413
0,0.0012095,0.88,-0.89413
0,0.001268,0.88,-0.89413
0,0.00068279,0.94,-0.89413
0,0.00074131,0.94,-0.89413
0,0.00079984,0.94,-0.89413
0,0.00085836,0.94,-0.89413
0,0.00091689,0.94,-0.89413
0,0.00097541,0.94,-0.89413
0,0.0010339,0.94,-0.89413
0,0.0010925,0.94,-0.89413
0,0.001151,0.94,-0.89413
0,0.0012095,0.94,-0.89413
0,0.001268,0.94,-0.89413
0,0.00068279,1,-0.89413
0,0.00074131,1,-0.89413
0,0.00079984,1,-0.89413
0,0.00085836,1,-0.89413
0,0.00091689,1,-0.89413
0,0.00097541,1,-0.89413
0,0.0010339,1,-0.89413
0,0.0010925,1,-0.89413
0,0.001151,1,-0.89413
0,0.0012095,1,-0.89413
0,0.001268,1,-0.89413
0,0.00068279,1.06,-0.89413
0,0.00074131,1.06,-0.89413
0,0.00079984,1.06,-0.89413
0,0.00085836,1.06,-0.89413
0,0.00091689,1.06,-0.89413
0,0.00097541,1.06,-0.89413
0,0.0010339,1.06,-0.89413
0,0.0010925,1.06,-0.89413
0,0.001151,1.06,-0.89413
0,0.0012095,1.06,-0.89413
0,0.001268,1.06,-0.89413
0,0.00068279,1.12,-0.89413
0,0.00074131,1.12,-0.89413
0,0.00079984,1.12,-0.89413
0,0.00085836,1.12,-0.89413
0,0.00091689,1.12,-0.89413
0,0.00097541,1.12,-0.89413
0,0.0010339,1.12,-0.89413
0,0.0010925,1.12,-0.89413
0,0.001151,1.12,-0.89413
0,0.0012095,1.12,-0.89413
0,0.001268,1.12,-0.89413
0,0.00068279,1.18,-0.89413
0,0.00074131,1.18,-0.89413
0,0.00079984,1.18,-0.89413
0,0.00085836,1.18,-0.89413
0,0.00091689,1.18,-0.89413
0,0.00097541,1.18,-0.89413
0,0.0010339,1.18,-0.89413
0,0.0010925,1.18,-0.89413
0,0.001151,1.18,-0.89413
0,0.0012095,1.18,-0.89413
0,0.001268,1.18,-0.89413
0,0.00068279,1.24,-0.89413
0,0.00074131,1.24,-0.89413
0,0.00079984,1.24,-0.89413
0,0.00085836,1.24,-0.89413
0,0.00091689,1.24,-0.89413
0,0.00097541,1.24,-0.89413
0,0.0010339,1.24,-0.89413
0,0.0010925,1.24,-0.89413
0,0.001151,1.24,-0.89413
0,0.0012095,1.24,-0.89413
0,0.001268,1.24,-0.89413
0,0.00068279,1.3,-0.89413
0,0.00074131,1.3,-0.89413
0,0.00079984,1.3,-0.89413
0,0.00085836,1.3,-0.89413
0,0.00091689,1.3,-0.89413
0,0.00097541,1.3,-0.89413
0,0.0010339,1.3,-0.89413
0,0.0010925,1.3,-0.89413
0,0.001151,1.3,-0.89413
0,0.0012095,1.3,-0.89413
0,0.001268,1.3,-0.89413
0,0.00068279,0.7,-0.83706
0,0.00074131,0.7,-0.83706
0,0.00079984,0.7,-0.83706
0,0.00085836,0.7,-0.83706
0,0.00091689,0.7,-0.83706
0,0.00097541,0.7,-0.83706
0,0.0010339,0.7,-0.83706
0,0.0010925,0.7,-0.83706
0,0.001151,0.7,-0.83706
0,0.0012095,0.7,-0.83706
0,0.001268,0.7,-0.83706
0,0.00068279,0.76,-0.83706
0,0.00074131,0.76,-0.83706
0,0.00079984,0.76,-0.83706
0,0.00085836,0.76,-0.83706
0,0.00091689,0.76,-0.83706
0,0.00097541,0.76,-0.83706
0,0.0010339,0.76,-0.83706
0,0.0010925,0.76,-0.83706
0,0.001151,0.76,-0.83706
0,0.0012095,0.76,-0.83706
0,0.001268,0.76,-0.83706
0,0.00068279,0.82,-0.83706
0,0.00074131,0.82,-0.83706
0,0.00079984,0.82,-0.83706
0,0.00085836,0.82,-0.83706
0,0.00091689,0.82,-0.83706
0,0.00097541,0.82,-0.83706
0,0.0010339,0.82,-0.83706
0,0.0010925,0.82,-0.83706
0,0.001151,0.82,-0.83706
0,0.0012095,0.82,-0.83706
0,0.001268,0.82,-0.83706
0,0.00068279,0.88,-0.83706
0,0.00074131,0.88,-0.83706
0,0.00079984,0.88,-0.83706
0,0.00085836,0.88,-0.83706
0,0.00091689,0.88,-0.83706
0,0.00097541,0.88,-0.83706
0,0.0010339,0.88,-0.83706
0,0.0010925,0.88,-0.83706
0,0.001151,0.88,-0.83706
0,0.0012095,0.88,-0.83706
0,0.001268,0.88,-0.83706
0,0.00068279,0.94,-0.83706
0,0.00074131,0.94,-0.83706
0,0.00079984,0.94,-0.83706
0,0.00085836,0.94,-0.83706
0,0.00091689,0.94,-0.83706
0,0.00097541,0.94,-0.83706
0,0.0010339,0.94,-0.83706
0,0.0010925,0.94,-0.83706
0,0.001151,0.94,-0.83706
0,0.0012095,0.94,-0.83706
0,0.001268,0.94,-0.83706
0,0.00068279,1,-0.83706
0,0.00074131,1,-0.83706
0,0.00079984,1,-0.83706
0,0.00085836,1,-0.83706
0,0.00091689,1,-0.83706
0,0.00097541,1,-0.83706
0,0.0010339,1,-0.83706
0,0.0010925,1,-0.83706
0,0.001151,1,-0.83706
0,0.0012095,1,-0.83706
0,0.001268,1,-0.83706
0,0.00068279,1.06,-0.83706
0,0.00074131,1.06,-0.83706
0,0.00079984,1.06,-0.83706
0,0.00085836,1.06,-0.83706
0,0.00091689,1.06,-0.83706
0,0.00097541,1.06,-0.83706
0,0.0010339,1.06,-0.83706
0,0.0010925,1.06,-0.83706
0,0.001151,1.06,-0.83706
0,0.0012095,1.06,-0.83706
0,0.001268,1.06,-0.83706
0,0.00068279,1.12,-0.83706
0,0.00074131,1.12,-0.83706
0,0.00079984,1.12,-0.83706
0,0.00085836,1.12,-0.83706
0,0.00091689,1.12,-0.83706
0,0.00097541,1.12,-0.83706
0,0.0010339,1.12,-0.83706
0,0.0010925,1.12,-0.83706
0,0.001151,1.12,-0.83706
0,0.0012095,1.12,-0.83706
0,0.001268,1.12,-0.83706
0,0.00068279,1.18,-0.83706
0,0.00074131,1.18,-0.83706
0,0.00079984,1.18,-0.83706
0,0.00085836,1.18,-0.83706
0,0.00091689,1.18,-0.83706
0,0.00097541,1.18,-0.83706
0,0.0010339,1.18,-0.83706
0,0.0010925,1.18,-0.83706
0,0.001151,1.18,-0.83706
0,0.0012095,1.18,-0.83706
0,0.001268,1.18,-0.83706
0,0.00068279,1.24,-0.83706
0,0.00074131,1.24,-0.83706
0,0.00079984,1.24,-0.83706
0,0.00085836,1.24,-0.83706
0,0.00091689,1.24,-0.83706
0,0.00097541,1.24,-0.83706
0,0.0010339,1.24,-0.83706
0,0.0010925,1.24,-0.83706
0,0.001151,1.24,-0.83706
0,0.0012095,1.24,-0.83706
0,0.001268,1.24,-0.83706
0,0.00068279,1.3,-0.83706
0,0.00074131,1.3,-0.83706
0,0.00079984,1.3,-0.83706
0,0.00085836,1.3,-0.83706
0,0.00091689,1.3,-0.83706
0,0.00097541,1.3,-0.83706
0,0.0010339,1.3,-0.83706
0,0.0010925,1.3,-0.83706
0,0.001151,1.3,-0.83706
0,0.0012095,1.3,-0.83706
0,0.001268,1.3,-0.83706
0,0.00068279,0.7,-0.77998
0,0.00074131,0.7,-0.77998
0,0.00079984,0.7,-0.77998
0,0.00085836,0.7,-0.77998
0,0.00091689,0.7,-0.77998
0,0.00097541,0.7,-0.77998
0,0.0010339,0.7,-0.77998
0,0.0010925,0.7,-0.77998
0,0.001151,0.7,-0.77998
0,0.0012095,0.7,-0.77998
0,0.001268,0.7,-0.77998
0,0.00068279,0.76,-0.77998
0,0.00074131,0.76,-0.77998
0,0.00079984,0.76,-0.77998
0,0.00085836,0.76,-0.77998
0,0.00091689,0.76,-0.77998
0,0.00097541,0.76,-0.77998
0,0.0010339,0.76,-0.77998
0,0.0010925,0.76,-0.77998
0,0.001151,0.76,-0.77998
0,0.0012095,0.76,-0.77998
0,0.001268,0.76,-0.77998
0,0.00068279,0.82,-0.77998
0,0.00074131,0.82,-0.77998
0,0.00079984,0.82,-0.77998
0,0.00085836,0.82,-0.77998
0,0.00091689,0.82,-0.77998
0,0.00097541,0.82,-0.77998
0,0.0010339,0.82,-0.77998
0,0.0010925,0.82,-0.77998
0,0.001151,0.82,-0.77998
0,0.0012095,0.82,-0.77998
0,0.001268,0.82,-0.77998
0,0.00068279,0.88,-0.77998
0,0.00074131,0.88,-0.77998
0,0.00079984,0.88,-0.77998
0,0.00085836,0.88,-0.77998
0,0.00091689,0.88,-0.77998
0,0.00097541,0.88,-0.77998
0,0.0010339,0.88,-0.77998
0,0.0010925,0.88,-0.77998
0,0.001151,0.88,-0.77998
0,0.0012095,0.88,-0.77998
0,0.001268,0.88,-0.77998
0,0.00068279,0.94,-0.77998
0,0.00074131,0.94,-0.77998
0,0.00079984,0.94,-0.77998
0,0.00085836,0.94,-0.77998
0,0.00091689,0.94,-0.77998
0,0.00097541,0.94,-0.77998
0,0.0010339,0.94,-0.77998
0,0.0010925,0.94,-0.77998
0,0.001151,0.94,-0.77998
0,0.0012095,0.94,-0.77998
0,0.001268,0.94,-0.77998
0,0.00068279,1,-0.77998
0,0.00074131,1,-0.77998
0,0.00079984,1,-0.77998
0,0.00085836,1,-0.77998
0,0.00091689,1,-0.77998
0,0.00097541,1,-0.77998
0,0.0010339,1,-0.77998
0,0.0010925,1,-0.77998
0,0.001151,1,-0.77998
0,0.0012095,1,-0.77998
0,0.001268,1,-0.77998
0,0.00068279,1.06,-0.77998
0,0.00074131,1.06,-0.77998
0,0.00079984,1.06,-0.77998
0,0.00085836,1.06,-0.77998
0,0.00091689,1.06,-0.77998
0,0.00097541,1.06,-0.77998
0,0.0010339,1.06,-0.77998
0,0.0010925,1.06,-0.77998
0,0.001151,1.06,-0.77998
0,0.0012095,1.06,-0.77998
0,0.001268,1.06,-0.77998
0,0.00068279,1.12,-0.77998
0,0.00074131,1.12,-0.77998
0,0.00079984,1.12,-0.77998
0,0.00085836,1.12,-0.77998
0,0.00091689,1.12,-0.77998
0,0.00097541,1.12,-0.77998
0,0.0010339,1.12,-0.77998
0,0.0010925,1.12,-0.77998
0,0.001151,1.12,-0.77998
0,0.0012095,1.12,-0.77998
0,0.001268,1.12,-0.77998
0,0.00068279,1.18,-0.77998
0,0.00074131,1.18,-0.77998
0,0.00079984,1.18,-0.77998
0,0.00085836,1.18,-0.77998
0,0.00091689,1.18,-0.77998
0,0.00097541,1.18,-0.77998
0,0.0010339,1.18,-0.77998
0,0.0010925,1.18,-0.77998
0,0.001151,1.18,-0.77998
0,0.0012095,1.18,-0.77998
0,0.001268,1.18,-0.77998
0,0.00068279,1.24,-0.77998
0,0.00074131,1.24,-0.77998
0,0.00079984,1.24,-0.77998
0,0.00085836,1.24,-0.77998
0,0.00091689,1.24,-0.77998
0,0.00097541,1.24,-0.77998
0,0.0010339,1.24,-0.77998
0,0.0010925,1.24,-0.77998
0,0.001151,1.24,-0.77998
0,0.0012095,1.24,-0.77998
0,0.001268,1.24,-0.77998
0,0.00068279,1.3,-0.77998
0,0.00074131,1.3,-0.77998
0,0.00079984,1.3,-0.77998
0,0.00085836,1.3,-0.77998
0,0.00091689,1.3,-0.77998
0,0.00097541,1.3,-0.77998
0,0.0010339,1.3,-0.77998
0,0.0010925,1.3,-0.77998
0,0.001151,1.3,-0.77998
0,0.0012095,1.3,-0.77998
0,0.001268,1.3,-0.77998
0,0.00068279,0.7,-0.72291
0,0.00074131,0.7,-0.72291
0,0.00079984,0.7,-0.72291
0,0.00085836,0.7,-0.72291
0,0.00091689,0.7,-0.72291
0,0.00097541,0.7,-0.72291
0,0.0010339,0.7,-0.72291
0,0.0010925,0.7,-0.72291
0,0.001151,0.7,-0.72291
0,0.0012095,0.7,-0.72291
0,0.001268,0.7,-0.72291
0,0.00068279,0.76,-0.72291
0,0.00074131,0.76,-0.72291
0,0.00079984,0.76,-0.72291
0,0.00085836,0.76,-0.72291
0,0.00091689,0.76,-0.72291
0,0.00097541,0.76,-0.72291
0,0.0010339,0.76,-0.72291
0,0.0010925,0.76,-0.72291
0,0.001151,0.76,-0.72291
0,0.0012095,0.76,-0.72291
0,0.001268,0.76,-0.72291
0,0.00068279,0.82,-0.72291
0,0.00074131,0.82,-0.72291
0,0.00079984,0.82,-0.72291
0,0.00085836,0.82,-0.72291
0,0.00091689,0.82,-0.72291
0,0.00097541,0.82,-0.72291
0,0.0010339,0.82,-0.72291
0,0.0010925,0.82,-0.72291
0,0.001151,0.82,-0.72291
0,0.0012095,0.82,-0.72291
0,0.001268,0.82,-0.72291
0,0.00068279,0.88,-0.72291
0,0.00074131,0.88,-0.72291
0,0.00079984,0.88,-0.72291
0,0.00085836,0.88,-0.72291
0,0.00091689,0.88,-0.72291
0,0.00097541,0.88,-0.72291
0,0.0010339,0.88,-0.72291
0,0.0010925,0.88,-0.72291
0,0.001151,0.88,-0.72291
0,0.0012095,0.88,-0.72291
0,0.001268,0.88,-0.72291
0,0.00068279,0.94,-0.72291
0,0.00074131,0.94,-0.72291
0,0.00079984,0.94,-0.72291
0,0.00085836,0.94,-0.72291
0,0.00091689,0.94,-0.72291
0,0.00097541,0.94,-0.72291
0,0.0010339,0.94,-0.72291
0,0.0010925,0.94,-0.72291
0,0.001151,0.94,-0.72291
0,0.0012095,0.94,-0.72291
0,0.001268,0.94,-0.72291
0,0.00068279,1,-0.72291
0,0.00074131,1,-0.72291
0,0.00079984,1,-0.72291
0,0.00085836,1,-0.72291
0,0.00091689,1,-0.72291
0,0.00097541,1,-0.72291
0,0.0010339,1,-0.72291
0,0.0010925,1,-0.72291
0,0.001151,1,-0.72291
0,0.0012095,1,-0.72291
0,0.001268,1,-0.72291
0,0.00068279,1.06,-0.72291
0,0.00074131,1.06,-0.72291
0,0.00079984,1.06,-0.72291
0,0.00085836,1.06,-0.72291
0,0.00091689,1.06,-0.72291
0,0.00097541,1.06,-0.72291
0,0.0010339,1.06,-0.72291
0,0.0010925,1.06,-0.72291
0,0.001151,1.06,-0.72291
0,0.0012095,1.06,-0.72291
0,0.001268,1.06,-0.72291
0,0.00068279,1.12,-0.72291
0,0.00074131,1.12,-0.72291
0,0.00079984,1.12,-0.72291
0,0.00085836,1.12,-0.72291
0,0.00091689,1.12,-0.72291
0,0.00097541,1.12,-0.72291
0,0.0010339,1.12,-0.72291
0,0.0010925,1.12,-0.72291
0,0.001151,1.12,-0.72291
0,0.0012095,1.12,-0.72291
0,0.001268,1.12,-0.72291
0,0.00068279,1.18,-0.72291
0,0.00074131,1.18,-0.72291
0,0.00079984,1.18,-0.72291
0,0.00085836,1.18,-0.72291
0,0.00091689,1.18,-0.72291
0,0.00097541,1.18,-0.72291
0,0.0010339,1.18,-0.72291
0,0.0010925,1.18,-0.72291
0,0.001151,1.18,-0.72291
0,0.0012095,1.18,-0.72291
0,0.001268,1.18,-0.72291
0,0.00068279,1.24,-0.72291
0,0.00074131,1.24,-0.72291
0,0.00079984,1.24,-0.72291
0,0.00085836,1.24,-0.72291
0,0.00091689,1.24,-0.72291
0,0.00097541,1.24,-0.72291
0,0.0010339,1.24,-0.72291
0,0.0010925,1.24,-0.72291
0,0.001151,1.24,-0.72291
0,0.0012095,1.24,-0.72291
0,0.001268,1.24,-0.72291
0,0.00068279,1.3,-0.72291
0,0.00074131,1.3,-0.72291
0,0.00079984,1.3,-0.72291
0,0.00085836,1.3,-0.72291
0,0.00091689,1.3,-0.72291
0,0.00097541,1.3,-0.72291
0,0.0010339,1.3,-0.72291
0,0.0010925,1.3,-0.72291
0,0.001151,1.3,-0.72291
0,0.0012095,1.3,-0.72291
0,0.001268,1.3,-0.72291
0,0.00068279,0.7,-0.66584
0,0.00074131,0.7,-0.66584
0,0.00079984,0.7,-0.66584
0,0.00085836,0.7,-0.66584
0,0.00091689,0.7,-0.66584
0,0.00097541,0.7,-0.66584
0,0.0010339,0.7,-0.66584
0,0.0010925,0.7,-0.66584
0,0.001151,0.7,-0.66584
0,0.0012095,0.7,-0.66584
0,0.001268,0.7,-0.66584
0,0.00068279,0.76,-0.66584
0,0.00074131,0.76,-0.66584
0,0.00079984,0.76,-0.66584
0,0.00085836,0.76,-0.66584
0,0.00091689,0.76,-0.66584
0,0.00097541,0.76,-0.66584
0,0.0010339,0.76,-0.66584
0,0.0010925,0.76,-0.66584
0,0.001151,0.76,-0.66584
0,0.0012095,0.76,-0.66584
0,0.001268,0.76,-0.66584
0,0.00068279,0.82,-0.66584
0,0.00074131,0.82,-0.66584
0,0.00079984,0.82,-0.66584
0,0.00085836,0.82,-0.66584
0,0.00091689,0.82,-0.66584
0,0.00097541,0.82,-0.66584
0,0.0010339,0.82,-0.66584
0,0.0010925,0.82,-0.66584
0,0.001151,0.82,-0.66584
0,0.0012095,0.82,-0.66584
0,0.001268,0.82,-0.66584
0,0.00068279,0.88,-0.66584
0,0.00074131,0.88,-0.66584
0,0.00079984,0.88,-0.66584
0,0.00085836,0.88,-0.66584
0,0.00091689,0.88,-0.66584
0,0.00097541,0.88,-0.66584
0,0.0010339,0.88,-0.66584
0,0.0010925,0.88,-0.66584
0,0.001151,0.88,-0.66584
0,0.0012095,0.88,-0.66584
0,0.001268,0.88,-0.66584
0,0.00068279,0.94,-0.66584
0,0.00074131,0.94,-0.66584
0,0.00079984,0.94,-0.66584
0,0.00085836,0.94,-0.66584
0,0.00091689,0.94,-0.66584
0,0.00097541,0.94,-0.66584
0,0.0010339,0.94,-0.66584
0,0.0010925,0.94,-0.66584
0,0.001151,0.94,-0.66584
0,0.0012095,0.94,-0.66584
0,0.001268,0.94,-0.66584
0,0.00068279,1,-0.66584
0,0.00074131,1,-0.66584
0,0.00079984,1,-0.66584
0,0.00085836,1,-0.66584
0,0.00091689,1,-0.66584
0,0.00097541,1,-0.66584
0,0.0010339,1,-0.66584
0,0.0010925,1,-0.66584
0,0.001151,1,-0.66584
0,0.0012095,1,-0.66584
0,0.001268,1,-0.66584
0,0.00068279,1.06,-0.66584
0,0.00074131,1.06,-0.66584
0,0.00079984,1.06,-0.66584
0,0.00085836,1.06,-0.66584
0,0.00091689,1.06,-0.66584
0,0.00097541,1.06,-0.66584
0,0.0010339,1.06,-0.66584
0,0.0010925,1.06,-0.66584
0,0.001151,1.06,-0.66584
0,0.0012095,1.06,-0.66584
0,0.001268,1.06,-0.66584
0,0.00068279,1.12,-0.66584
0,0.00074131,1.12,-0.66584
0,0.00079984,1.12,-0.66584
0,0.00085836,1.12,-0.66584
0,0.00091689,1.12,-0.66584
0,0.00097541,1.12,-0.66584
0,0.0010339,1.12,-0.66584
0,0.0010925,1.12,-0.66584
0,0.001151,1.12,-0.66584
0,0.0012095,1.12,-0.66584
0,0.001268,1.12,-0.66584
0,0.00068279,1.18,-0.66584
0,0.00074131,1.18,-0.66584
0,0.00079984,1.18,-0.66584
0,0.00085836,1.18,-0.66584
0,0.00091689,1.18,-0.66584
0,0.00097541,1.18,-0.66584
0,0.0010339,1.18,-0.66584
0,0.0010925,1.18,-0.66584
0,0.001151,1.18,-0.66584
0,0.0012095,1.18,-0.66584
0,0.001268,1.18,-0.66584
0,0.00068279,1.24,-0.66584
0,0.00074131,1.24,-0.66584
0,0.00079984,1.24,-0.66584
0,0.00085836,1.24,-0.66584
0,0.00091689,1.24,-0.66584
0,0.00097541,1.24,-0.66584
0,0.0010339,1.24,-0.66584
0,0.0010925,1.24,-0.66584
0,0.001151,1.24,-0.66584
0,0.0012095,1.24,-0.66584
0,0.001268,1.24,-0.66584
0,0.00068279,1.3,-0.66584
0,0.00074131,1.3,-0.66584
0,0.00079984,1.3,-0.66584
0,0.00085836,1.3,-0.66584
0,0.00091689,1.3,-0.66584
0,0.00097541,1.3,-0.66584
0,0.0010339,1.3,-0.66584
0,0.0010925,1.3,-0.66584
0,0.001151,1.3,-0.66584
0,0.0012095,1.3,-0.66584
0,0.001268,1.3,-0.66584